{"val_acc": [[1, 0.2424], [2, 0.2436], [3, 0.2706], [4, 0.2732], [5, 0.278], [6, 0.2844], [7, 0.2466], [8, 0.276], [9, 0.2792], [10, 0.286]], "acc": [[1, 0.25669590456577285], [2, 0.2581898115562116], [3, 0.265979469450238], [4, 0.26745203491664865], [5, 0.28151610218705453], [6, 0.27748255330428356], [7, 0.2547965085262586], [8, 0.27950999850672903], [9, 0.282497812498419], [10, 0.2727874170367161]], "loss": [[1, 1.7660762218887935], [2, 1.7513614463463207], [3, 1.7438566553955726], [4, 1.735002407858313], [5, 1.7272369149150653], [6, 1.7330586804565538], [7, 1.7468926018869932], [8, 1.7260117490880251], [9, 1.7262902788950336], [10, 1.7329406423804006]], "val_loss": [[1, 1.7668357559204102], [2, 1.751731352043152], [3, 1.7441326522827147], [4, 1.7367458177566528], [5, 1.728179762649536], [6, 1.7339539628982543], [7, 1.7506836103439332], [8, 1.730997622680664], [9, 1.7304078220367431], [10, 1.7378621349334717]]}