{"loss": [[1, 1.629896808304585], [2, 1.603698654957067], [3, 1.5922366850919092], [4, 1.5918169274847], [5, 1.565369783876688], [6, 1.5781306584737165], [7, 1.5640019015313151], [8, 1.5557264522235432], [9, 1.5725064075036128], [10, 1.5458304329011265], [11, 1.5334875632622769], [12, 1.543956499156007], [13, 1.5538677767993705], [14, 1.5379847448944808], [15, 1.5313983728499099], [16, 1.5200465128328517], [17, 1.5295608989900908], [18, 1.5381550277030216], [19, 1.5239028116880093], [20, 1.5140772108552671], [21, 1.5205331749308237], [22, 1.5295570687356022], [23, 1.5362923967804452], [24, 1.517593186908142], [25, 1.537044194221578], [26, 1.5200744321231952], [27, 1.5239320369251896], [28, 1.511762218695458], [29, 1.5173254619119039], [30, 1.51046000214243], [31, 1.5050085872277525], [32, 1.508553255885807], [33, 1.5206061283040093], [34, 1.5204508958864318], [35, 1.5055422626002781], [36, 1.5217265789580614], [37, 1.498708634257767], [38, 1.5056281987522262], [39, 1.5086920355336981], [40, 1.5141751824363152], [41, 1.5221953551188232], [42, 1.4985086039727284], [43, 1.500061859841724], [44, 1.4911027021128433], [45, 1.5017557461618891], [46, 1.5097037579482726], [47, 1.497998718985711], [48, 1.4949188347161166], [49, 1.5046429365461826], [50, 1.4942412809156655]], "acc": [[1, 0.3251168448722456], [2, 0.33898883838124083], [3, 0.35644620868128163], [4, 0.35994621935331794], [5, 0.36905905201312106], [6, 0.35749194357681485], [7, 0.36673282540877167], [8, 0.37174808460163505], [9, 0.366284653310686], [10, 0.38182128604432236], [11, 0.383848731249948], [12, 0.37851334912988055], [13, 0.37507736304455713], [14, 0.3830164116392175], [15, 0.38632434855493136], [16, 0.3909981432921104], [17, 0.3884371598744781], [18, 0.3832298269252922], [19, 0.39059265424971323], [20, 0.39620547624129626], [21, 0.3939646157464157], [22, 0.3872847173352714], [23, 0.38308043622147814], [24, 0.39247070875724904], [25, 0.3858975179840539], [26, 0.39082741106426827], [27, 0.3931536376673456], [28, 0.3964829161070876], [29, 0.3961841347083638], [30, 0.39541583968752625], [31, 0.39806218921462755], [32, 0.39772072476339543], [33, 0.38758349873526726], [34, 0.3907847280060357], [35, 0.39959877926965914], [36, 0.39255607486671795], [37, 0.4013061015480807], [38, 0.4052756258409587], [39, 0.39947073009877754], [40, 0.392641440980639], [41, 0.3929829054363233], [42, 0.4042085494213974], [43, 0.402053055040438], [44, 0.40670550824913676], [45, 0.4027359839518066], [46, 0.3984036536715839], [47, 0.40540367501629254], [48, 0.4023731779720942], [49, 0.40203171351322975], [50, 0.40563843182639536]], "val_acc": [[1, 0.3122], [2, 0.334], [3, 0.3384], [4, 0.3506], [5, 0.3526], [6, 0.3404], [7, 0.3502], [8, 0.3534], [9, 0.3494], [10, 0.3568], [11, 0.361], [12, 0.3598], [13, 0.3496], [14, 0.3622], [15, 0.3644], [16, 0.3664], [17, 0.3646], [18, 0.3678], [19, 0.3652], [20, 0.3714], [21, 0.3592], [22, 0.3618], [23, 0.3576], [24, 0.363], [25, 0.3646], [26, 0.3682], [27, 0.3636], [28, 0.3636], [29, 0.366], [30, 0.3646], [31, 0.3676], [32, 0.3638], [33, 0.3606], [34, 0.3618], [35, 0.3676], [36, 0.3666], [37, 0.3688], [38, 0.367], [39, 0.3694], [40, 0.3596], [41, 0.3626], [42, 0.3688], [43, 0.3692], [44, 0.3708], [45, 0.3644], [46, 0.356], [47, 0.3706], [48, 0.3668], [49, 0.3626], [50, 0.3672]], "val_loss": [[1, 1.633415156173706], [2, 1.6176255086898803], [3, 1.6047320016860962], [4, 1.605033084487915], [5, 1.5788559366226196], [6, 1.5999846187591553], [7, 1.589213198852539], [8, 1.585209871673584], [9, 1.5928635902404784], [10, 1.5719106996536254], [11, 1.5674276050567626], [12, 1.5937226371765136], [13, 1.5934161149978638], [14, 1.5746679779052735], [15, 1.582897843360901], [16, 1.5662101886749267], [17, 1.5802622928619385], [18, 1.5864672611236572], [19, 1.5683395723342894], [20, 1.5594322120666504], [21, 1.5686278917312622], [22, 1.5761779792785644], [23, 1.5966654119491577], [24, 1.5716398250579835], [25, 1.5805473978042603], [26, 1.5807967472076416], [27, 1.5819915636062623], [28, 1.575839750289917], [29, 1.5721286739349365], [30, 1.5676900062561034], [31, 1.573757844543457], [32, 1.5726991510391235], [33, 1.574364923286438], [34, 1.5806913433074952], [35, 1.573257521057129], [36, 1.5926184169769286], [37, 1.5697074329376222], [38, 1.57681674118042], [39, 1.5749314304351807], [40, 1.5890465288162232], [41, 1.6051880449295044], [42, 1.5723512121200562], [43, 1.582780866241455], [44, 1.5680464694976806], [45, 1.5889468254089356], [46, 1.598391459274292], [47, 1.5874538063049317], [48, 1.5823608547210692], [49, 1.5885140092849732], [50, 1.5873369789123535]]}