{"val_acc": [0.0328], "val_loss": [4.155382557678223], "acc": [0.024319956383672618], "loss": [4.225480318928298]}