{"val_acc": [[1, 0.317], [2, 0.322], [3, 0.3544], [4, 0.3536], [5, 0.3764], [6, 0.3692], [7, 0.3782], [8, 0.376], [9, 0.3856], [10, 0.381], [11, 0.3784], [12, 0.375], [13, 0.3744], [14, 0.3746], [15, 0.3792], [16, 0.3902], [17, 0.38], [18, 0.3838], [19, 0.3784], [20, 0.3732], [21, 0.3844], [22, 0.3884], [23, 0.38], [24, 0.3816], [25, 0.3804], [26, 0.3758], [27, 0.3766], [28, 0.3848], [29, 0.382], [30, 0.3748], [31, 0.3786], [32, 0.3788], [33, 0.3634], [34, 0.3634], [35, 0.3734], [36, 0.371], [37, 0.3868], [38, 0.3744], [39, 0.3726], [40, 0.3728], [41, 0.3696], [42, 0.3754], [43, 0.3736], [44, 0.3528], [45, 0.38], [46, 0.3772], [47, 0.3736], [48, 0.3646], [49, 0.3602], [50, 0.3604]], "acc": [[1, 0.32998271336574714], [2, 0.34372665770704086], [3, 0.3720682075288391], [4, 0.3727084533832472], [5, 0.3982542629754022], [6, 0.39302558849773606], [7, 0.40679087436751005], [8, 0.4068975820099114], [9, 0.4148793136615323], [10, 0.41605309772794713], [11, 0.4207055509366459], [12, 0.42454702606309447], [13, 0.4203000618955208], [14, 0.42458970911878297], [15, 0.4315043643463904], [16, 0.43931536377144115], [17, 0.43780011524934204], [18, 0.4406385385372179], [19, 0.4398275604536956], [20, 0.4229037283675696], [21, 0.4464007512268907], [22, 0.4487269778312401], [23, 0.44819343961923336], [24, 0.45064771539319237], [25, 0.44701965555281853], [26, 0.45056234928054334], [27, 0.4401476833821717], [28, 0.45128796124760046], [29, 0.45843737328976286], [30, 0.46037945238146744], [31, 0.46381543846679085], [32, 0.45638858655565695], [33, 0.4568581001822229], [34, 0.45549224235821356], [35, 0.45995262181186203], [36, 0.46473312419144247], [37, 0.4665898371679539], [38, 0.4669739846818708], [39, 0.4676569135932394], [40, 0.4653947115743308], [41, 0.4697270418558256], [42, 0.46868130696029237], [43, 0.4746142518778073], [44, 0.4553428516601237], [45, 0.4738672983809979], [46, 0.47913865591562455], [47, 0.4795868280124381], [48, 0.47679108778279483], [49, 0.47630023262329646], [50, 0.4748490086910903]], "loss": [[1, 1.6367141925350084], [2, 1.6066462514947821], [3, 1.5582945063901974], [4, 1.5554053499723215], [5, 1.5122289281471781], [6, 1.5100389566464656], [7, 1.4944870579442928], [8, 1.4983793984943807], [9, 1.4716897281801655], [10, 1.4666987120485704], [11, 1.4535334252348466], [12, 1.4568941129430077], [13, 1.4591660379948774], [14, 1.4511925330715545], [15, 1.4339158308654334], [16, 1.4181205256967235], [17, 1.4172444372060908], [18, 1.4130210092548707], [19, 1.406922822425294], [20, 1.4486543870545672], [21, 1.4061244003272615], [22, 1.3900510130790125], [23, 1.3975160044551387], [24, 1.3947134644303836], [25, 1.3951486611632387], [26, 1.3946760251345656], [27, 1.401809782009209], [28, 1.3910849792188935], [29, 1.3721850719810522], [30, 1.3692908624015503], [31, 1.3573302557422773], [32, 1.375746056217745], [33, 1.3726325724319635], [34, 1.3911759886207478], [35, 1.369260309437421], [36, 1.3682607072369044], [37, 1.3439639586961907], [38, 1.350133320712162], [39, 1.3363669417992667], [40, 1.357569605678776], [41, 1.3563915363059147], [42, 1.3417906258453605], [43, 1.3418092410258162], [44, 1.361811785462149], [45, 1.3226612066010073], [46, 1.3227142623112125], [47, 1.311906444969664], [48, 1.3437817955016071], [49, 1.3217955057102564], [50, 1.332098566295421]], "val_loss": [[1, 1.642164602279663], [2, 1.6234102313995362], [3, 1.5807341724395751], [4, 1.5854006145477295], [5, 1.5570900897979736], [6, 1.5555856195449829], [7, 1.5486053735733032], [8, 1.5597261096954345], [9, 1.5480193613052369], [10, 1.5497582063674926], [11, 1.5444176292419434], [12, 1.5475787391662599], [13, 1.56351159324646], [14, 1.5588799764633179], [15, 1.5539952739715577], [16, 1.5425003353118896], [17, 1.5581555252075194], [18, 1.5536202833175659], [19, 1.5633152221679687], [20, 1.5772984653472901], [21, 1.564949570465088], [22, 1.5590969955444336], [23, 1.5681684894561767], [24, 1.5636156116485596], [25, 1.570047993850708], [26, 1.564800570678711], [27, 1.5721030048370361], [28, 1.5802169984817505], [29, 1.5835588001251222], [30, 1.5792117254257203], [31, 1.5832334369659424], [32, 1.5802790603637695], [33, 1.6166578369140625], [34, 1.6099577184677123], [35, 1.606402227783203], [36, 1.5991558158874513], [37, 1.6077923717498779], [38, 1.6133142517089845], [39, 1.6302716457366944], [40, 1.6037871753692627], [41, 1.604622699356079], [42, 1.6268803560256957], [43, 1.6172059658050537], [44, 1.6410179042816162], [45, 1.636340287208557], [46, 1.6286348791122436], [47, 1.6385235118865966], [48, 1.6252188320159913], [49, 1.6542705587387085], [50, 1.6417878107070922]]}