{"val_loss": [[1, 3.9988036937713622], [2, 3.8193062580108643], [3, 3.7448999687194826], [4, 3.700814557266235], [5, 3.6505314140319824], [6, 3.631467268371582], [7, 3.6063624839782715], [8, 3.5866736637115477], [9, 3.561794470214844], [10, 3.5417927562713625], [11, 3.5144066749572755], [12, 3.50132677154541], [13, 3.5128136711120606], [14, 3.473968087768555], [15, 3.4706979446411133], [16, 3.46280103225708], [17, 3.44283204498291], [18, 3.4468215522766115], [19, 3.429632448577881], [20, 3.4414903671264647], [21, 3.4288134731292725], [22, 3.42166410446167], [23, 3.4001957019805906], [24, 3.391988488769531], [25, 3.393332221221924], [26, 3.391303310394287], [27, 3.3858790428161623], [28, 3.408536071777344], [29, 3.371730326461792], [30, 3.3685667602539064], [31, 3.3653758796691893], [32, 3.349265510559082], [33, 3.3455919284820554], [34, 3.3337876918792726], [35, 3.336712013244629], [36, 3.3225381618499754], [37, 3.3035304553985596], [38, 3.3420362968444826], [39, 3.30532818107605], [40, 3.2907240615844726], [41, 3.291712057495117], [42, 3.2789739578247072], [43, 3.2897734153747558], [44, 3.2888302238464355], [45, 3.2644086235046386], [46, 3.242402573776245], [47, 3.24741577835083], [48, 3.2515282707214355], [49, 3.2367352195739745], [50, 3.262995096206665]], "loss": [[1, 3.979921246070757], [2, 3.795853605373818], [3, 3.7140662550594277], [4, 3.668030455172019], [5, 3.6135878445475096], [6, 3.6009081049908973], [7, 3.5716288892837076], [8, 3.5430591941160685], [9, 3.52008052635646], [10, 3.495051200677179], [11, 3.476126689996494], [12, 3.456452418922354], [13, 3.4663471523715503], [14, 3.4336277797873604], [15, 3.4240932727961684], [16, 3.4296196257118488], [17, 3.3986279937846198], [18, 3.4002745066889233], [19, 3.384852043501668], [20, 3.397836256006795], [21, 3.3880356046959745], [22, 3.3786933090251483], [23, 3.34343329301274], [24, 3.3375941577478483], [25, 3.3393807226798615], [26, 3.321562752721001], [27, 3.3365405234304113], [28, 3.340275669036621], [29, 3.315583687768973], [30, 3.30394450737582], [31, 3.3069833043575296], [32, 3.2830704921831826], [33, 3.2852575034045293], [34, 3.275029407886501], [35, 3.2668849113637126], [36, 3.260134603704371], [37, 3.2374111372661742], [38, 3.2643270336894794], [39, 3.232664382348405], [40, 3.2334443337983667], [41, 3.207780950943169], [42, 3.203540593503497], [43, 3.219674475340605], [44, 3.220407911431166], [45, 3.187699411332121], [46, 3.165537178654499], [47, 3.169924037716532], [48, 3.173815439819656], [49, 3.147723349501351], [50, 3.1754869043514855]], "acc": [[1, 0.059427147224331636], [2, 0.08400023365850809], [3, 0.10156356484997177], [4, 0.10851490546551686], [5, 0.11996417236209281], [6, 0.1262534805400794], [7, 0.1269933991490324], [8, 0.12999201666749516], [9, 0.1342757559824863], [10, 0.1392409992814389], [11, 0.14296006386854485], [12, 0.14689331542125528], [13, 0.14519929123556866], [14, 0.1550324201177074], [15, 0.15189750180300363], [16, 0.1497166890586502], [17, 0.1571548182350382], [18, 0.1542146153393909], [19, 0.16225636232820076], [20, 0.15754424908171052], [21, 0.1588488424186938], [22, 0.15900461475742075], [23, 0.1687209143853692], [24, 0.16529392293134526], [25, 0.16926611756902757], [26, 0.17343302762982843], [27, 0.16914928831498235], [28, 0.16848725587524777], [29, 0.17004497926251727], [30, 0.1733940845473228], [31, 0.17207001966799865], [32, 0.1789629456566662], [33, 0.18254570944738607], [34, 0.17941079112847516], [35, 0.1794692057575288], [36, 0.18392818895358776], [37, 0.18801721284328426], [38, 0.1813190022778803], [39, 0.1896138793150904], [40, 0.1885234729460328], [41, 0.19232042370250224], [42, 0.19241778141420657], [43, 0.19023696866767703], [44, 0.19179469205929878], [45, 0.1977724555579455], [46, 0.20314660124402528], [47, 0.1992133496911698], [48, 0.1976361547572072], [49, 0.2040033491026713], [50, 0.196214732170676]], "val_acc": [[1, 0.0502], [2, 0.081], [3, 0.0942], [4, 0.1048], [5, 0.11], [6, 0.1142], [7, 0.12], [8, 0.1154], [9, 0.123], [10, 0.1236], [11, 0.1356], [12, 0.1324], [13, 0.1344], [14, 0.1456], [15, 0.141], [16, 0.1384], [17, 0.1462], [18, 0.1416], [19, 0.156], [20, 0.1474], [21, 0.153], [22, 0.147], [23, 0.1572], [24, 0.1502], [25, 0.159], [26, 0.1654], [27, 0.1642], [28, 0.1596], [29, 0.1566], [30, 0.1602], [31, 0.1626], [32, 0.1756], [33, 0.175], [34, 0.1732], [35, 0.1706], [36, 0.1756], [37, 0.1806], [38, 0.1718], [39, 0.177], [40, 0.176], [41, 0.1794], [42, 0.1806], [43, 0.1782], [44, 0.1792], [45, 0.1852], [46, 0.191], [47, 0.1876], [48, 0.1914], [49, 0.194], [50, 0.187]]}