{"val_loss": [[1, 1.6422693222045899], [2, 1.5990140163421631], [3, 1.5870667190551757], [4, 1.584024723815918], [5, 1.5771404220581056], [6, 1.5696586210250854], [7, 1.563728372001648], [8, 1.567476333618164], [9, 1.563892287826538], [10, 1.5578693424224854], [11, 1.5504375606536864], [12, 1.5658622352600098], [13, 1.551108182144165], [14, 1.5596734203338622], [15, 1.5476811851501464], [16, 1.5510724451065063], [17, 1.5525186557769775], [18, 1.5451857170104981], [19, 1.5531641468048096], [20, 1.5501248039245605], [21, 1.5477321926116943], [22, 1.550159072494507], [23, 1.5398865634918213], [24, 1.5473241064071654], [25, 1.5574069326400757], [26, 1.5389699869155884], [27, 1.5486523914337158], [28, 1.5381340301513673], [29, 1.5441177923202514], [30, 1.5443891437530517], [31, 1.5499111616134644], [32, 1.551892346572876], [33, 1.5445347438812256], [34, 1.5475572044372559], [35, 1.551478667831421], [36, 1.5401098880767823], [37, 1.5622387630462646], [38, 1.5558436851501465], [39, 1.539850623703003], [40, 1.5513853645324707], [41, 1.5521910984039307], [42, 1.5457715839385986], [43, 1.5446517770767212], [44, 1.5417907974243164], [45, 1.5394090972900392], [46, 1.5404571887969971], [47, 1.5401584888458253], [48, 1.5491274646759032], [49, 1.5464580820083618], [50, 1.5386028285980224]], "val_acc": [[1, 0.3308], [2, 0.3472], [3, 0.344], [4, 0.3512], [5, 0.3586], [6, 0.3594], [7, 0.3696], [8, 0.3644], [9, 0.3666], [10, 0.359], [11, 0.375], [12, 0.3594], [13, 0.3786], [14, 0.3672], [15, 0.3712], [16, 0.38], [17, 0.3724], [18, 0.3818], [19, 0.376], [20, 0.378], [21, 0.3752], [22, 0.3736], [23, 0.3736], [24, 0.3772], [25, 0.3738], [26, 0.385], [27, 0.377], [28, 0.3856], [29, 0.379], [30, 0.3776], [31, 0.383], [32, 0.3792], [33, 0.3834], [34, 0.3874], [35, 0.3846], [36, 0.3888], [37, 0.3722], [38, 0.3854], [39, 0.3872], [40, 0.3832], [41, 0.3764], [42, 0.3792], [43, 0.387], [44, 0.3852], [45, 0.3894], [46, 0.389], [47, 0.3876], [48, 0.388], [49, 0.3882], [50, 0.3902]], "loss": [[1, 1.6409859664309336], [2, 1.5865401738400846], [3, 1.5666018701112054], [4, 1.5627714793396192], [5, 1.5457402169278298], [6, 1.547645043639364], [7, 1.528739436021252], [8, 1.5343541151903772], [9, 1.5184475323921724], [10, 1.5177418646541847], [11, 1.5130987229027588], [12, 1.5157758569428397], [13, 1.509605362022656], [14, 1.5224214980490172], [15, 1.5058588564827131], [16, 1.507351680925114], [17, 1.5091629611913349], [18, 1.4968387379873134], [19, 1.5079024218540071], [20, 1.5009130065495118], [21, 1.486898584977652], [22, 1.4873136134943137], [23, 1.4845822721482504], [24, 1.4847230029721306], [25, 1.4937288521382135], [26, 1.4752228182521299], [27, 1.4764247576843434], [28, 1.4638799202895785], [29, 1.4601857842629098], [30, 1.4665098020717349], [31, 1.4713753367476787], [32, 1.47209567452224], [33, 1.4586133214131278], [34, 1.4559392793221757], [35, 1.4584171628210165], [36, 1.446918601860709], [37, 1.4599083422072772], [38, 1.453222434781798], [39, 1.4399244639582307], [40, 1.438023560747848], [41, 1.4517472636102575], [42, 1.4342506631636718], [43, 1.4452949316947294], [44, 1.4286982924160163], [45, 1.4314910761486805], [46, 1.4219775436492221], [47, 1.4247992006162218], [48, 1.4189181261494916], [49, 1.4225549515666929], [50, 1.4103746953662766]], "acc": [[1, 0.323494888704565], [2, 0.36041573297543167], [3, 0.36498282007020943], [4, 0.37057430053649226], [5, 0.37919627803806905], [6, 0.37313528394967244], [7, 0.3847664169714195], [8, 0.3763578547501932], [9, 0.38766886484473617], [10, 0.3841048295929833], [11, 0.3898457007497237], [12, 0.3909127771737372], [13, 0.3978701154583051], [14, 0.387732889430177], [15, 0.3968457220912522], [16, 0.3954585227400346], [17, 0.3986597520120751], [18, 0.40461403845807037], [19, 0.39874511813044833], [20, 0.4057237979390444], [21, 0.4081140491288346], [22, 0.4078366092585911], [23, 0.4086689288737738], [24, 0.41204089037365643], [25, 0.40894636873956514], [26, 0.4121689395400858], [27, 0.4087542949876949], [28, 0.42089762468851616], [29, 0.4187634718404892], [30, 0.4196598160366605], [31, 0.42192201806002133], [32, 0.4152421196412447], [33, 0.424589709120055], [34, 0.423181168235905], [35, 0.42591288388583176], [36, 0.4292421623243016], [37, 0.41178479203189317], [38, 0.4199372559113562], [39, 0.43186717033182703], [40, 0.4320165610267367], [41, 0.4277269138066547], [42, 0.42932752843822275], [43, 0.4308214354362938], [44, 0.43978487739355493], [45, 0.439315363766989], [46, 0.43417205540769616], [47, 0.4393580468284017], [48, 0.4410867106353036], [49, 0.4421964701162776], [50, 0.4439464754472075]]}